timestamp, unit, microseconds
1610377003555, 1, 20884
1610377003578, 1, 23060
1610377005171, 1, 83524
1610377005197, 1, 26154
1610377006599, 1, 41452
1610377010658, 1, 6958703
1610377010682, 1, 8626
1610377010683, 1, 24242
1610377011214, 1, 3134
1610377013382, 1, 109149
1610377013699, 1, 47277
1610377013723, 1, 23591
1610377017928, 1, 6713543
1610377018704, 1, 6621
1610377019234, 1, 14907
1610377019345, 1, 35428
1610377019376, 1, 15351
1610377019393, 1, 16470
1610377019429, 1, 28451
1610377019457, 1, 27934
1610377019579, 1, 13955
1610377019846, 1, 28549
1610377019864, 1, 14388
1610377019894, 1, 14625
1610377019955, 1, 54872
1610377021059, 1, 105360
1610377021078, 1, 14940
1610377021171, 1, 14027
1610377021216, 1, 18142
1610377021307, 1, 16799
1610377021341, 1, 33624
1610377021375, 1, 33970
1610377021380, 1, 4636
1610377033813, 1, 31835
1610377034333, 1, 275868
1610377034368, 1, 35356
1610377034462, 1, 39927
1610377034498, 1, 36672
1610377034622, 1, 116877
1610377034816, 1, 163336
1610377035239, 1, 19106
1610377035533, 1, 21691
1610377035634, 1, 16102
1610377035945, 1, 18275
1610377036494, 1, 39933
1610377036607, 1, 149483
1610377036753, 1, 145861
1610377036929, 1, 20393
1610377037320, 1, 20060
1610377037545, 1, 791674
1610377037662, 1, 116607
1610377037873, 1, 211432
1610377038195, 1, 219207
1610377038223, 1, 28259
1610377038318, 1, 7969
1610377038364, 1, 165613
1610377038391, 1, 22526
1610377038491, 1, 36358
1610377038669, 1, 5250
1610377038993, 1, 224009
1610377039140, 1, 188587
1610377039261, 1, 221610
1610377039330, 1, 5887
1610377039355, 1, 25216
1610377039538, 1, 107530
1610377039805, 1, 107315
1610377040062, 1, 160351
1610377040294, 1, 78476
1610377040366, 1, 299867
1610377041197, 1, 126140
1610377041991, 1, 86672
1610377042077, 1, 85823
1610377046381, 1, 1743592
1610377052650, 1, 28504
1610377059002, 1, 6351226
1610377059005, 1, 3350
1610377059092, 1, 61411
1610377059203, 1, 110701
1610377073524, 1, 20287
1610377073590, 1, 66186
1610377099396, 1, 158922
1610377101635, 1, 2237845
1610377102305, 1, 300989
1610377102589, 1, 283709
1610377110051, 1, 288197
1610377112120, 1, 2068399
1610377149199, 1, 46609297
1610377154301, 1, 138897
1610377156049, 1, 1748257
1610377156456, 1, 406704
1610377190058, 1, 251153
1610377192281, 1, 1720113
1610377193793, 1, 308111
1610377194345, 1, 551993
1610377229585, 1, 34624982
1610377230532, 1, 1984504
1610377234375, 1, 3842421
1610377274424, 1, 1819584
1610377297776, 1, 481632
1610377330816, 1, 33039512
1610377339342, 1, 197473
1610377340578, 1, 555606
1610377341192, 1, 109090
1610377342215, 1, 606688
1610377342420, 1, 204948
1610377343089, 1, 222272
1610377343250, 1, 70686
1610377344263, 1, 524356
1610377352457, 1, 718980
1610377352527, 1, 69825
1610377352823, 1, 77250
1610377352877, 1, 53354
1610377352952, 1, 75568
1610377355323, 1, 457839
1610377355382, 1, 59810
1610377355473, 1, 90310
1610377356868, 1, 38778
1610377356927, 1, 58048
1610377358053, 1, 66849
1610377371298, 1, 6552143
1610377371359, 1, 60719
1610377373141, 1, 615198
1610377373959, 1, 818287
1610377380938, 1, 423563
1610377382151, 1, 57236
1610377382675, 1, 454450
1610377383175, 1, 500084
1610377392649, 1, 49773
1610377392781, 1, 48460
1610377392907, 1, 58905
1610377393418, 1, 432387
1610377393634, 1, 76920
1610377393853, 1, 66499
1610377395055, 1, 672294
1610377395701, 1, 61493
1610377395794, 1, 56821
1610377397308, 1, 802060
1610377404271, 1, 6504265
1610377404311, 1, 39366
1610377404379, 1, 68275
1610377404442, 1, 62535
1610377411648, 1, 6756073
1610377412760, 1, 92089
1610377413684, 1, 95883
1610377415998, 1, 108445
1610377417466, 1, 88079
1610377417966, 1, 79424
1610377418000, 1, 34381
1610377418504, 1, 96985
1610377427004, 1, 6551399
1610377427825, 1, 434670
1610377442366, 1, 6555714
1610377442894, 1, 472474
1610377446255, 1, 593987
1610377446460, 1, 203901
1610377447052, 1, 136821
1610377447193, 1, 140579
1610377447689, 1, 496590
1610377448364, 1, 59250
1610377448920, 1, 468966
1610377451120, 1, 31846
1610377452400, 1, 656603
1610377452810, 1, 409981
1610377453590, 1, 42630
1610377453687, 1, 61340
1610377455129, 1, 475944
1610377462063, 1, 439911
1610377469568, 1, 6723527
1610377469632, 1, 63952
1610377469686, 1, 53050
1610377476897, 1, 123734
1610377477385, 1, 488425
1610377478616, 1, 615289
1610377478895, 1, 87087
1610377478970, 1, 74063
1610377479639, 1, 668671
1610377482506, 1, 612095
1610377482555, 1, 48220
1610377490732, 1, 59660
1610377492951, 1, 569949
1610377501678, 1, 59913
1610377503084, 1, 76149
1610377511644, 1, 55787
1610377512933, 1, 113838
1610377514455, 1, 612892
1610377515500, 1, 802228
1610377530721, 1, 510783
1610377531454, 1, 643917
1610377531957, 1, 502789
1610377532685, 1, 539676
1610377534133, 1, 73848
1610377542310, 1, 6961844
1610377557669, 1, 671522
1610377557840, 1, 77435
1610377565488, 1, 7647956
1610377565558, 1, 69656
1610377572757, 1, 6616261
1610377573283, 1, 32264
1610377574405, 1, 25586
1610377581224, 1, 6544545
1610377581505, 1, 227399
1610377587778, 1, 6272130
1610377607437, 1, 92418
1610377614197, 1, 6657921
1610377614456, 1, 81934
1610377621364, 1, 6718577
1610377628248, 1, 39257
1610377629569, 1, 627782
1610377629655, 1, 31248
1610377629747, 1, 91543
1610377629807, 1, 60254
1610377630004, 1, 196793
1610377631604, 1, 940044
1610377632904, 1, 63883
1610377634940, 1, 446884
1610377642246, 1, 396000
1610377642432, 1, 52620
1610377645650, 1, 455098
1610377652290, 1, 6639898
1610377653313, 1, 599106
1610377653372, 1, 59272
1610377655157, 1, 528406
1610377666505, 1, 440638
1610377666600, 1, 94863
1610377667625, 1, 56846
1610377667683, 1, 57146
1610377668086, 1, 86569
1610377685053, 1, 503526
1610377685231, 1, 76945
1610377686697, 1, 732849
1610377686782, 1, 84510
1610377696117, 1, 541621
1610377698289, 1, 123536
1610377699146, 1, 60418
1610377700624, 1, 573439
1610377702006, 1, 75839
1610377705567, 1, 105206
1610377712519, 1, 50947
1610377713364, 1, 119792
1610377714683, 1, 71007
1610377715576, 1, 790139
1610377716284, 1, 95378
1610377718165, 1, 619955
1610377719874, 1, 883066
1610377727310, 1, 61863
1610377741653, 1, 68301
1610377743222, 1, 613693
1610377750390, 1, 520134
1610377750481, 1, 90667
1610377751619, 1, 623430
1610377759463, 1, 68019
1610377760087, 1, 68896
1610377762560, 1, 83985
1610377763703, 1, 613722
1610377771895, 1, 621787
1610377772203, 1, 55256
1610377772601, 1, 118935
1610377773330, 1, 628690
1610377773598, 1, 78646
1610377783979, 1, 551279
1610377784916, 1, 118170
1610377792010, 1, 72879
1610377800180, 1, 507578
1610377800365, 1, 87951
1610377801172, 1, 224489
1610377809897, 1, 113468
1610377810193, 1, 296247
1610377810297, 1, 103360
1610377811020, 1, 499985
1610377813136, 1, 130723
1610377813182, 1, 45672
1610377813347, 1, 164810
1610377814174, 1, 106183
1610377818797, 1, 206732
1610377818935, 1, 66411
1610377820026, 1, 610764
1610377827224, 1, 69242
1610377828243, 1, 411363
1610377834830, 1, 6586934
1610377835848, 1, 94752
1610377835945, 1, 96191
1610377836255, 1, 37589
1610377839685, 1, 430394
1610377840192, 1, 48843
1610377841144, 1, 67078
1610377858357, 1, 499884
1610377861477, 1, 175373
1610377861756, 1, 85109
1610377870026, 1, 26423
1610377870102, 1, 76580
1610377870251, 1, 61481
1610377870420, 1, 67565
1610377872467, 1, 448971
1610377872916, 1, 370542
1610377873178, 1, 260992
1610377880499, 1, 57403
1610377897623, 1, 98113
1610377898018, 1, 97247
1610377913212, 1, 6142222
1610377913320, 1, 33672
1610377913787, 1, 399923
1610377914263, 1, 46246
1610377914848, 1, 585020
1610377915463, 1, 614913
1610377916487, 1, 409490
1610377932053, 1, 7686813
1610377946819, 1, 33396
1610377948124, 1, 214553
1610377948643, 1, 518760
1610377948699, 1, 55655
1610377949165, 1, 465891
1610377956219, 1, 645528
1610377965026, 1, 317905
1610377965534, 1, 33911
1610377966315, 1, 53211
1610377966436, 1, 52833
1610377967083, 1, 50181
1610377967178, 1, 51490
1610377967373, 1, 54681
1610377967486, 1, 54105
1610377973957, 1, 61543
1610377974095, 1, 93618
1610377974357, 1, 35513
1610377976496, 1, 614507
1610377976709, 1, 86193
1610377977863, 1, 494956
1610377979039, 1, 85753
1610377979361, 1, 245881
1610377980192, 1, 466775
1610377980950, 1, 153137
1610377982887, 1, 408559
1610377983459, 1, 508315
1610377990013, 1, 6381789
1610377990530, 1, 85269
1610377998622, 1, 68979
1610378001277, 1, 469449
1610378001335, 1, 57743
1610378001767, 1, 432386
1610378010174, 1, 90946
1610378013644, 1, 918312
1610378013768, 1, 123471
1610378014117, 1, 349576
1610378014961, 1, 79944
1610378015728, 1, 115610
1610378016432, 1, 703445
1610378023680, 1, 433618
1610378024214, 1, 532534
1610378024953, 1, 738800
1610378025008, 1, 54857
1610378025152, 1, 143416
1610378025436, 1, 93464
1610378026822, 1, 72859
1610378027066, 1, 40073
1610378027187, 1, 68633
1610378028765, 1, 334871
1610378036964, 1, 49880
1610378037225, 1, 94818
1610378037320, 1, 23981
1610378044967, 1, 423913
1610378046593, 1, 55396
1610378047268, 1, 474079
1610378047512, 1, 244046
1610378048176, 1, 193328
1610378048250, 1, 74536
1610378048900, 1, 373902
1610378055686, 1, 73796
1610378055745, 1, 58293
1610378056713, 1, 397739
1610378058007, 1, 528672
1610378058048, 1, 40942
1610378066404, 1, 613126
1610378068955, 1, 295263
1610378071300, 1, 82009
1610378074119, 1, 341881
1610378075073, 1, 66710
1610378075257, 1, 78542
1610378076644, 1, 577322
1610378092469, 1, 67020
1610378092539, 1, 69811
1610378092696, 1, 104460
1610378093273, 1, 40001
1610378100607, 1, 544020
1610378101095, 1, 40735
1610378101444, 1, 348698
1610378102153, 1, 41015
1610378102207, 1, 53025
1610378102655, 1, 447854
1610378103636, 1, 48656
1610378103663, 1, 26086
1610378110088, 1, 59832
1610378110163, 1, 75201
1610378111256, 1, 99694
1610378115505, 1, 608791
1610378122250, 1, 25886
1610378123203, 1, 67659
1610378123660, 1, 61457
1610378123883, 1, 57131
1610378131574, 1, 474941
1610378136250, 1, 106580
1610378136859, 1, 331829
1610378138085, 1, 677511
1610378152218, 1, 6143952
1610378154675, 1, 614254
1610378157716, 1, 50251
1610378157899, 1, 72715
1610378164505, 1, 6281523
1610378164571, 1, 65968
1610378165939, 1, 363421
1610378166554, 1, 158859
1610378167028, 1, 474397
1610378167578, 1, 548976
1610378167967, 1, 389161
1610378168397, 1, 429808
1610378169422, 1, 410667
1610378170246, 1, 382662
1610378170650, 1, 403544
1610378170769, 1, 74887
1610378171885, 1, 211884
1610378172369, 1, 483602
1610378180340, 1, 63358
1610378180913, 1, 43605
1610378181037, 1, 75889
1610378181116, 1, 78575
1610378182528, 1, 709108
1610378183242, 1, 27672
1610378183668, 1, 226770
1610378184169, 1, 500808
1610378184302, 1, 75708
1610378185884, 1, 75856
1610378185954, 1, 70267
1610378186421, 1, 466428
1610378187695, 1, 46432
1610378188113, 1, 417250
1610378189162, 1, 80116
1610378189239, 1, 76664
1610378195432, 1, 6192615
1610378195789, 1, 356444
1610378203318, 1, 6228157
1610378210927, 1, 6247094
1610378212806, 1, 84716
1610378222260, 1, 409017
1610378223081, 1, 363371
1610378223587, 1, 61032
1610378239785, 1, 7489286
1610378240122, 1, 337017
1610378240566, 1, 443772
1610378249673, 1, 704444
1610378249771, 1, 97914
1610378251802, 1, 568036
1610378254217, 1, 657597
1610378255848, 1, 673093
1610378258308, 1, 613959
1610378258645, 1, 71729
1610378265300, 1, 6592778
1610378273107, 1, 53222
1610378276512, 1, 63874
1610378286205, 1, 186177
1610378286364, 1, 72991
1610378297744, 1, 727794
1610378297905, 1, 72250
1610378305523, 1, 50123
1610378312170, 1, 6646663
1610378319495, 1, 154482
1610378320157, 1, 662482
1610378320253, 1, 94918
1610378322193, 1, 63064
1610378329579, 1, 7325490
1610378336214, 1, 6588217
1610378336850, 1, 103726
1610378338409, 1, 451078
1610378339102, 1, 29839
1610378340069, 1, 75934
1610378340649, 1, 579455
1610378341107, 1, 389985
1610378348976, 1, 81881
1610378349714, 1, 55935
1610378351198, 1, 83376
1610378362843, 1, 85342
1610378363821, 1, 374202
1610378369797, 1, 31033
1610378370539, 1, 667736
1610378384453, 1, 77515
1610378385081, 1, 627769
1610378389339, 1, 412450
1610378392268, 1, 157071
1610378392325, 1, 57593
1610378407839, 1, 40707
1610378408112, 1, 76508
1610378409860, 1, 456103
1610378416471, 1, 85878
1610378423175, 1, 6580026
1610378430339, 1, 80234
1610378431027, 1, 69754
1610378431570, 1, 509619
1610378431644, 1, 73214
1610378432185, 1, 541357
1610378440173, 1, 105869
1610378440252, 1, 78996
1610378440405, 1, 82972
1610378459424, 1, 501762
1610378467411, 1, 613258
1610378467950, 1, 468793
1610378468123, 1, 70141
1610378469756, 1, 91113
1610378470689, 1, 642035
1610378470812, 1, 122397
1610378471661, 1, 152090
1610378471953, 1, 292089
1610378473104, 1, 102722
1610378473183, 1, 78846
1610378473558, 1, 284202
1610378473623, 1, 64719
1610378474602, 1, 455154
1610378475188, 1, 586756
1610378475685, 1, 80846
1610378476216, 1, 530826
1610378477280, 1, 447112
1610378477329, 1, 48844
1610378477449, 1, 120285
1610378478026, 1, 438454
1610378479278, 1, 137696
1610378503862, 1, 83646
1610378504238, 1, 39806
1610378504318, 1, 79207
1610378505148, 1, 105732
1610378505344, 1, 93485
1610378505597, 1, 253280
1610378506326, 1, 77404
1610378508265, 1, 506269
1610378508366, 1, 100711
1610378509388, 1, 80637
1610378511538, 1, 92442
1610378512531, 1, 195377
1610378519891, 1, 48346
1610378520143, 1, 42976
1610378521470, 1, 52773
1610378522056, 1, 55580
1610378530031, 1, 70509
1610378538275, 1, 7753617
1610378539186, 1, 91301
1610378539321, 1, 44413
1610378539380, 1, 58930
1610378540089, 1, 478634
1610378540144, 1, 54153
1610378541145, 1, 525490
1610378542001, 1, 206524
1610378542680, 1, 41498
1610378542969, 1, 84751
1610378543656, 1, 53825
1610378544396, 1, 592108
1610378551383, 1, 6553881
1610378552044, 1, 47694
1610378553980, 1, 738484
1610378554233, 1, 75307
1610378556746, 1, 592427
1610378557526, 1, 598177
1610378557880, 1, 353984
1610378558754, 1, 825214
1610378565610, 1, 6519778
1610378565682, 1, 71589
1610378574525, 1, 640253
1610378584150, 1, 7576827
1610378584305, 1, 24257
1610378584346, 1, 40931
1610378584859, 1, 401819
1610378585421, 1, 409073
1610378586008, 1, 105596
1610378587142, 1, 81186
1610378587632, 1, 489431
1610378588038, 1, 406189
1610378589067, 1, 1028477
1610378590296, 1, 160558
1610378597565, 1, 54377
1610378599306, 1, 557931
1610378599940, 1, 56942
1610378600211, 1, 100793
1610378600886, 1, 84089
1610378600916, 1, 29615
1610378603463, 1, 58837
1610378604815, 1, 384322
1610378605450, 1, 592314
1610378606201, 1, 47237
1610378606474, 1, 35643
1610378607297, 1, 405061
1610378607375, 1, 77909
1610378607519, 1, 74464
1610378607703, 1, 57055
1610378607762, 1, 58506
1610378615775, 1, 83867
1610378617636, 1, 113403
1610378619348, 1, 88358
1610378619578, 1, 102637
1610378629694, 1, 68427
1610378637309, 1, 53603
1610378637351, 1, 41272
1610378637431, 1, 80423
1610378637742, 1, 86339
1610378638014, 1, 272015
1610378650194, 1, 94471
1610378651870, 1, 134418
1610378652053, 1, 112234
1610378652781, 1, 107018
1610378652849, 1, 68230
1610378654400, 1, 502784
1610378655729, 1, 99590
1610378662389, 1, 6587765
1610378662463, 1, 74202
1610378662517, 1, 54113
1610378665599, 1, 72326
1610378681843, 1, 1020174
1610378692281, 1, 272802
1610378692841, 1, 372634
1610378701564, 1, 59586
1610378715641, 1, 49798
1610378715711, 1, 69294
1610378716200, 1, 38761
1610378716864, 1, 559502
1610378717781, 1, 493620
1610378717827, 1, 45283
1610378717875, 1, 48767
1610378718503, 1, 626965
1610378720018, 1, 457327
1610378728743, 1, 510801
1610378733310, 1, 527195
1610378740247, 1, 31075
1610378748536, 1, 70309
1610378748565, 1, 28887
1610378748746, 1, 180718
1610378749326, 1, 58224
1610378749447, 1, 68810
1610378751002, 1, 61863
1610378762404, 1, 67688
1610378771060, 1, 332001
1610378771144, 1, 84242
1610378771197, 1, 52643
1610378771485, 1, 233394
1610378771831, 1, 94284
1610378789794, 1, 7988684
1610378789940, 1, 58753
1610378790725, 1, 83500
1610378799527, 1, 48280

1610377003147, 1, 1
1610377006452, 1, 1267439
1610377010674, 1, 15256
1610377010725, 1, 14690
1610377010731, 1, 5761
1610377010736, 1, 53039
1610377010736, 1, 4174
1610377013273, 1, 2536651
1610377013651, 1, 269396
1610377015003, 1, 259701
1610377018139, 1, 211099
1610377018215, 1, 75332
1610377018248, 1, 32900
1610377018530, 1, 27451
1610377018624, 1, 93750
1610377018647, 1, 22742
1610377018678, 1, 30589
1610377018697, 1, 18795
1610377018916, 1, 212269
1610377018971, 1, 21948
1610377018991, 1, 19800
1610377019219, 1, 227876
1610377019245, 1, 3515
1610377019309, 1, 16741
1610377019515, 1, 28864
1610377019535, 1, 19827
1610377019849, 1, 3014
1610377019879, 1, 14638
1610377019900, 1, 6019
1610377020121, 1, 18524
1610377020168, 1, 26847
1610377020224, 1, 55784
1610377020258, 1, 17268
1610377020361, 1, 20392
1610377020574, 1, 212612
1610377020672, 1, 79775
1610377020705, 1, 16159
1610377020728, 1, 22267
1610377020954, 1, 7786
1610377021063, 1, 3621
1610377021385, 1, 4907
1610377021388, 1, 3364
1610377021507, 1, 25545
1610377033895, 1, 27733
1610377033977, 1, 163189
1610377034057, 1, 126878
1610377034190, 1, 213148
1610377034394, 1, 203611
1610377034583, 1, 18975
1610377034601, 1, 17827
1610377034635, 1, 33825
1610377034851, 1, 57355
1610377034938, 1, 27564
1610377034997, 1, 15328
1610377035253, 1, 14633
1610377035477, 1, 223307
1610377035575, 1, 35183
1610377035673, 1, 38471
1610377035927, 1, 25995
1610377035960, 1, 14956
1610377036146, 1, 21208
1610377036192, 1, 5777
1610377036252, 1, 1313718
1610377036457, 1, 205061
1610377036522, 1, 19454
1610377036562, 1, 39233
1610377036908, 1, 19900
1610377037211, 1, 281497
1610377037253, 1, 41625
1610377037976, 1, 14666
1610377038199, 1, 155513
1610377038310, 1, 24720
1610377038332, 1, 7704
1610377038526, 1, 34452
1610377038553, 1, 188911
1610377038711, 1, 42818
1610377039321, 1, 157884
1610377039324, 1, 29834
1610377039698, 1, 159684
1610377040340, 1, 45745
1610377040681, 1, 164708
1610377040838, 1, 323649
1610377041089, 1, 209376
1610377041630, 1, 164069
1610377043238, 1, 25906
1610377044637, 1, 1398725
1610377046050, 1, 19587
1610377046565, 1, 22284
1610377065554, 1, 6351140
1610377065613, 1, 21361
1610377099237, 1, 30563608
1610377102004, 1, 368537
1610377189807, 1, 424713
1610377190561, 1, 502071
1610377193484, 1, 570071
1610377194960, 1, 615085
1610377228548, 1, 1074559
1610377230024, 1, 438460
1610377270330, 1, 493624
1610377331984, 1, 1
1610377332330, 1, 66455
1610377340805, 1, 226812
1610377341083, 1, 277994
1610377341608, 1, 415453
1610377342781, 1, 76714
1610377343441, 1, 190355
1610377343611, 1, 88543
1610377351738, 1, 233637
1610377352746, 1, 218749
1610377356829, 1, 70307
1610377357986, 1, 1059455
1610377358148, 1, 94174
1610377372525, 1, 621083
1610377381537, 1, 598743
1610377384000, 1, 418985
1610377384482, 1, 482556
1610377391419, 1, 50426
1610377391488, 1, 68526
1610377392041, 1, 32310
1610377392115, 1, 73806
1610377392848, 1, 66707
1610377392985, 1, 77700
1610377393473, 1, 54770
1610377394383, 1, 429355
1610377395640, 1, 49720
1610377396325, 1, 438774
1610377396473, 1, 58979
1610377413516, 1, 85261
1610377414511, 1, 153391
1610377415330, 1, 819016
1610377415397, 1, 66602
1610377415889, 1, 492027
1610377416099, 1, 100824
1610377417378, 1, 471204
1610377417886, 1, 84555
1610377418257, 1, 256617
1610377418333, 1, 75543
1610377418407, 1, 74030
1610377418579, 1, 74733
1610377427073, 1, 68488
1610377427390, 1, 213036
1610377443107, 1, 213460
1610377443342, 1, 140328
1610377444412, 1, 984595
1610377444898, 1, 485834
1610377447799, 1, 109356
1610377449533, 1, 469211
1610377450957, 1, 963682
1610377451743, 1, 622879
1610377453463, 1, 38149
1610377453547, 1, 84598
1610377454652, 1, 895069
1610377461491, 1, 77551
1610377461557, 1, 65700
1610377462136, 1, 73463
1610377470139, 1, 398929
1610377476773, 1, 6509731
1610377478808, 1, 74975
1610377483061, 1, 505843
1610377490672, 1, 177526
1610377490789, 1, 57535
1610377493420, 1, 58718
1610377502577, 1, 898806
1610377502899, 1, 321380
1610377511037, 1, 63431
1610377511588, 1, 135054
1610377511674, 1, 29672
1610377512188, 1, 396793
1610377513842, 1, 908664
1610377514697, 1, 72591
1610377515544, 1, 43423
1610377516160, 1, 473682
1610377529216, 1, 6566929
1610377530810, 1, 88518
1610377532145, 1, 74084
1610377533709, 1, 535947
1610377548587, 1, 80607
1610377548865, 1, 277489
1610377548936, 1, 71151
1610377555623, 1, 6686361
1610377556102, 1, 479753
1610377556443, 1, 340727
1610377556586, 1, 142359
1610377556865, 1, 236690
1610377556997, 1, 131573
1610377566066, 1, 507262
1610377566141, 1, 74547
1610377573251, 1, 408288
1610377573867, 1, 583485
1610377590439, 1, 516780
1610377590520, 1, 80883
1610377590653, 1, 132969
1610377598709, 1, 78225
1610377599237, 1, 47319
1610377614318, 1, 42183
1610377628397, 1, 60856
1610377628941, 1, 543395
1610377629624, 1, 54498
1610377632695, 1, 66867
1610377632758, 1, 62911
1610377635065, 1, 44273
1610377642868, 1, 435462
1610377643896, 1, 1028226
1610377645124, 1, 615873
1610377645195, 1, 70462
1610377653707, 1, 334544
1610377653968, 1, 261419
1610377656111, 1, 85945
1610377656947, 1, 835342
1610377657334, 1, 277862
1610377664322, 1, 57903
1610377666064, 1, 52056
1610377666645, 1, 44509
1610377667894, 1, 54223
1610377674818, 1, 6683164
1610377675973, 1, 505601
1610377676662, 1, 688350
1610377684443, 1, 7781439
1610377685879, 1, 552945
1610377696563, 1, 50286
1610377697142, 1, 578599
1610377697203, 1, 61289
1610377697290, 1, 86307
1610377698166, 1, 605336
1610377698984, 1, 694874
1610377701397, 1, 57517
1610377701929, 1, 421563
1610377702706, 1, 485404
1610377702876, 1, 106734
1610377703447, 1, 56854
1610377712298, 1, 6730722
1610377712363, 1, 65045
1610377713119, 1, 599657
1610377713244, 1, 124876
1610377714033, 1, 668043
1610377716444, 1, 159382
1610377717545, 1, 515937
1610377718867, 1, 702055
1610377749722, 1, 6499734
1610377761337, 1, 78555
1610377763089, 1, 528124
1610377764522, 1, 630127
1610377771219, 1, 88688
1610377771273, 1, 53646
1610377772109, 1, 214446
1610377772147, 1, 37545
1610377772305, 1, 102314
1610377772482, 1, 93611
1610377772701, 1, 100199
1610377774558, 1, 959247
1610377775787, 1, 615404
1610377782442, 1, 47340
1610377782534, 1, 91873
1610377784671, 1, 692411
1610377784798, 1, 126532
1610377798725, 1, 6553381
1610377799197, 1, 471709
1610377800276, 1, 96268
1610377800947, 1, 582513
1610377808966, 1, 7676252
1610377809119, 1, 42864
1610377809783, 1, 664137
1610377810419, 1, 122083
1610377810520, 1, 100490
1610377812856, 1, 613678
1610377813915, 1, 567547
1610377815368, 1, 1147757
1610377816060, 1, 690862
1610377817521, 1, 566044
1610377818180, 1, 659512
1610377818590, 1, 72800
1610377819356, 1, 420515
1610377827290, 1, 65328
1610377827831, 1, 65347
1610377834867, 1, 36907
1610377835384, 1, 516595
1610377835514, 1, 60390
1610377835753, 1, 238606
1610377836688, 1, 432881
1610377836819, 1, 131299
1610377837395, 1, 59281
1610377838467, 1, 418447
1610377839160, 1, 87289
1610377840143, 1, 457518
1610377840257, 1, 65309
1610377840378, 1, 44694
1610377841041, 1, 60664
1610377841735, 1, 460128
1610377849312, 1, 6298171
1610377857559, 1, 7983421
1610377857857, 1, 60387
1610377858937, 1, 580576
1610377859027, 1, 87923
1610377860781, 1, 944653
1610377861567, 1, 89964
1610377861670, 1, 102757
1610377871495, 1, 27851
1610377873234, 1, 55995
1610377880442, 1, 571383
1610377883067, 1, 392112
1610377884032, 1, 85833
1610377884269, 1, 75148
1610377891296, 1, 538788
1610377897441, 1, 6144986
1610377897525, 1, 83328
1610377898699, 1, 499038
1610377899493, 1, 566469
1610377913286, 1, 73520
1610377914153, 1, 365391
1610377916551, 1, 63679
1610377924269, 1, 6410190
1610377932158, 1, 50984
1610377945711, 1, 39610
1610377946471, 1, 81916
1610377946540, 1, 68405
1610377946732, 1, 54746
1610377946786, 1, 53318
1610377947036, 1, 59553
1610377955573, 1, 66860
1610377964001, 1, 94351
1610377964066, 1, 64207
1610377965427, 1, 400821
1610377965586, 1, 52448
1610377966383, 1, 67976
1610377966926, 1, 105705
1610377967126, 1, 43094
1610377967613, 1, 57025
1610377973895, 1, 59761
1610377974776, 1, 419607
1610377975063, 1, 138113
1610377975154, 1, 90710
1610377975273, 1, 118963
1610377976623, 1, 69353
1610377977198, 1, 363717
1610377977299, 1, 101028
1610377978266, 1, 402764
1610377978316, 1, 49069
1610377979115, 1, 76353
1610377979725, 1, 363291
1610377980700, 1, 387137
1610377980797, 1, 96372
1610377981237, 1, 286931
1610377981411, 1, 173609
1610377982478, 1, 43858
1610377983549, 1, 88944
1610377983632, 1, 82528
1610377990444, 1, 430480
1610377998444, 1, 71062
1610377998553, 1, 50087
1610377999607, 1, 379384
1610378000152, 1, 301401
1610378000662, 1, 509736
1610378008038, 1, 5978702
1610378009260, 1, 541168
1610378010873, 1, 115558
1610378014653, 1, 45868
1610378014757, 1, 103983
1610378014881, 1, 123989
1610378015613, 1, 651046
1610378023061, 1, 74316
1610378023151, 1, 89406
1610378023247, 1, 95848
1610378025855, 1, 418704
1610378026903, 1, 80501
1610378026958, 1, 55105
1610378027570, 1, 143264
1610378027806, 1, 55821
1610378035778, 1, 92110
1610378036575, 1, 73105
1610378036682, 1, 106773
1610378037068, 1, 40884
1610378045983, 1, 55001
1610378046537, 1, 553944
1610378049562, 1, 91172
1610378057478, 1, 432849
1610378058871, 1, 471313
1610378059314, 1, 443741
1610378065791, 1, 6475900
1610378067501, 1, 72431
1610378067992, 1, 490410
1610378069476, 1, 520314
1610378069525, 1, 49045
1610378069654, 1, 129088
1610378070413, 1, 69075
1610378071128, 1, 100932
1610378072867, 1, 926316
1610378075678, 1, 420602
1610378076067, 1, 388962
1610378078080, 1, 959632
1610378078384, 1, 60972
1610378085501, 1, 458153
1610378085573, 1, 71951
1610378092211, 1, 531514
1610378092271, 1, 59987
1610378092591, 1, 52011
1610378093439, 1, 165327
1610378103532, 1, 60487
1610378103824, 1, 37863
1610378110028, 1, 6203943
1610378112157, 1, 89862
1610378113405, 1, 508661
1610378115573, 1, 66968
1610378122160, 1, 88681
1610378123826, 1, 95196
1610378124365, 1, 482221
1610378124435, 1, 69846
1610378131032, 1, 6429680
1610378132146, 1, 572130
1610378133442, 1, 75292
1610378135218, 1, 1022786
1610378136374, 1, 123006
1610378136527, 1, 152786
1610378139557, 1, 76782
1610378139692, 1, 61417
1610378152832, 1, 614151
1610378153445, 1, 613190
1610378156006, 1, 44918
1610378157942, 1, 42400
1610378166395, 1, 455666
1610378171186, 1, 417363
1610378178950, 1, 51402
1610378180961, 1, 47626
1610378181709, 1, 592920
1610378181819, 1, 109561
1610378183441, 1, 198898
1610378184226, 1, 57033
1610378185311, 1, 68752
1610378195860, 1, 70792
1610378196455, 1, 522656
1610378196505, 1, 49860
1610378197090, 1, 61088
1610378204442, 1, 929778
1610378211406, 1, 403957
1610378212359, 1, 914130
1610378212384, 1, 24702
1610378212620, 1, 91109
1610378212722, 1, 100734
1610378214163, 1, 94787
1610378223526, 1, 444432
1610378223826, 1, 239081
1610378223891, 1, 64046
1610378224789, 1, 377307
1610378225451, 1, 593006
1610378225496, 1, 44583
1610378232296, 1, 6799419
1610378248307, 1, 6227355
1610378248887, 1, 579288
1610378248968, 1, 81163
1610378250337, 1, 92170
1610378250835, 1, 498169
1610378251993, 1, 61381
1610378252194, 1, 80265
1610378252409, 1, 110911
1610378253472, 1, 988789
1610378254334, 1, 117217
1610378254480, 1, 144673
1610378254851, 1, 370224
1610378256563, 1, 98819
1610378257056, 1, 31047
1610378257171, 1, 52257
1610378258465, 1, 156484
1610378258574, 1, 108476
1610378266105, 1, 805354
1610378266165, 1, 59870
1610378266703, 1, 537652
1610378273173, 1, 66640
1610378273762, 1, 95117
1610378274249, 1, 486942
1610378274691, 1, 441587
1610378275178, 1, 486747
1610378275919, 1, 613635
1610378279421, 1, 429817
1610378285957, 1, 6536109
1610378286018, 1, 60877
1610378286291, 1, 85809
1610378287483, 1, 94831
1610378288446, 1, 439712
1610378296201, 1, 7754370
1610378297016, 1, 734190
1610378297832, 1, 88364
1610378312247, 1, 77210
1610378318724, 1, 6476719
1610378320392, 1, 139179
1610378322254, 1, 60235
1610378337408, 1, 556946
1610378337958, 1, 488570
1610378338999, 1, 205290
1610378339072, 1, 72639
1610378339219, 1, 65779
1610378339258, 1, 38340
1610378339993, 1, 90058
1610378347638, 1, 34140
1610378348102, 1, 464327
1610378348829, 1, 666196
1610378348894, 1, 64264
1610378350928, 1, 85174
1610378351021, 1, 93267
1610378352464, 1, 355657
1610378360505, 1, 6552146
1610378360647, 1, 78664
1610378361295, 1, 526911
1610378361937, 1, 642012
1610378362041, 1, 103884
1610378363371, 1, 528112
1610378363933, 1, 112016
1610378364144, 1, 109229
1610378366263, 1, 636275
1610378369310, 1, 613664
1610378369766, 1, 455608
1610378385152, 1, 70858
1610378385350, 1, 197480
1610378385727, 1, 377133
1610378385814, 1, 87175
1610378387538, 1, 230651
1610378388806, 1, 37287
1610378388926, 1, 47631
1610378389726, 1, 386803
1610378390957, 1, 59503
1610378390998, 1, 40273
1610378392110, 1, 98528
1610378393068, 1, 684388
1610378393139, 1, 71131
1610378399675, 1, 49343
1610378400941, 1, 89849
1610378408036, 1, 55066
1610378408633, 1, 519934
1610378409149, 1, 516086
1610378409314, 1, 73927
1610378416595, 1, 65452
1610378429728, 1, 6464609
1610378439559, 1, 7373808
1610378440067, 1, 507507
1610378440322, 1, 69866
1610378448162, 1, 7756573
1610378450570, 1, 51942
1610378459826, 1, 402424
1610378466798, 1, 6509675
1610378467481, 1, 69844
1610378469831, 1, 74903
1610378470046, 1, 73073
1610378473001, 1, 468573
1610378475604, 1, 415157
1610378476833, 1, 616549
1610378477587, 1, 46315
1610378479373, 1, 47755
1610378486335, 1, 6595505
1610378495690, 1, 7497864
1610378503640, 1, 7754125
1610378503935, 1, 73205
1610378505042, 1, 77143
1610378505250, 1, 101490
1610378505770, 1, 93032
1610378506072, 1, 301245
1610378508571, 1, 97395
1610378509701, 1, 116160
1610378520215, 1, 72132
1610378520672, 1, 389971
1610378520965, 1, 57964
1610378521417, 1, 451256
1610378529878, 1, 6554349
1610378529961, 1, 82520
1610378539611, 1, 41589
1610378540509, 1, 246561
1610378540619, 1, 60996
1610378541794, 1, 37588
1610378543602, 1, 439388
1610378543804, 1, 147606
1610378544828, 1, 431281
1610378554329, 1, 95391
1610378554492, 1, 162353
1610378554607, 1, 114860
1610378555478, 1, 632451
1610378556154, 1, 42862
1610378556928, 1, 180979
1610378557929, 1, 48432
1610378559090, 1, 99548
1610378565727, 1, 45018
1610378572086, 1, 6221167
1610378573793, 1, 446579
1610378573885, 1, 91264
1610378575139, 1, 500731
1610378575711, 1, 75221
1610378576573, 1, 670087
1610378584203, 1, 52785
1610378586037, 1, 28690
1610378586609, 1, 571457
1610378587061, 1, 451873
1610378589248, 1, 86876
1610378590788, 1, 491138
1610378597893, 1, 52566
1610378599745, 1, 82092
1610378599798, 1, 53384
1610378600110, 1, 170225
1610378601704, 1, 35650
1610378602063, 1, 43757
1610378602441, 1, 377664
1610378602793, 1, 55437
1610378603521, 1, 57718
1610378603586, 1, 65104
1610378603873, 1, 68197
1610378604431, 1, 80030
1610378604857, 1, 41856
1610378606077, 1, 626641
1610378606276, 1, 74965
1610378607823, 1, 61316
1610378608010, 1, 55042
1610378614690, 1, 6679297
1610378615848, 1, 73056
1610378617329, 1, 915577
1610378618558, 1, 825140
1610378618653, 1, 95290
1610378619475, 1, 127213
1610378620195, 1, 521075
1610378628433, 1, 42706
1610378629474, 1, 60771
1610378629539, 1, 64378
1610378630642, 1, 542255
1610378637196, 1, 6553415
1610378637484, 1, 52796
1610378637559, 1, 75052
1610378647005, 1, 8990918
1610378647640, 1, 634363
1610378649035, 1, 366230
1610378652674, 1, 118113
1610378655801, 1, 71146
1610378663514, 1, 438768
1610378664638, 1, 1079877
1610378665308, 1, 53848
1610378672012, 1, 6413162
1610378672626, 1, 613739
1610378680720, 1, 60692
1610378682231, 1, 387819
1610378683306, 1, 50474
1610378683733, 1, 426561
1610378690627, 1, 44013
1610378690751, 1, 65109
1610378691059, 1, 122837
1610378694125, 1, 72711
1610378694191, 1, 65671
1610378694407, 1, 87503
1610378701504, 1, 612735
1610378709074, 1, 50516
1610378709163, 1, 89004
1610378718655, 1, 68180
1610378719561, 1, 237057
1610378720157, 1, 99019
1610378728232, 1, 410585
1610378728979, 1, 236363
1610378730495, 1, 95353
1610378730997, 1, 501521
1610378732226, 1, 537782
1610378732782, 1, 556118
1610378733467, 1, 157302
1610378740312, 1, 65047
1610378741028, 1, 199173
1610378748465, 1, 56377
1610378749378, 1, 52093
1610378750250, 1, 599583
1610378750377, 1, 126267
1610378751150, 1, 52679
1610378751203, 1, 52660
1610378751297, 1, 94520
1610378751774, 1, 431470
1610378758443, 1, 6669665
1610378758486, 1, 42063
1610378759626, 1, 782657
1610378759725, 1, 99489
1610378760044, 1, 88398
1610378760349, 1, 305074
1610378761515, 1, 548488
1610378769913, 1, 7508736
1610378770531, 1, 548417
1610378771251, 1, 53659
1610378772264, 1, 74964
1610378772985, 1, 721005
1610378780768, 1, 7727975
1610378780831, 1, 62377
1610378781805, 1, 687680
1610378790511, 1, 29367
1610378790580, 1, 69268
1610378791073, 1, 90555
1610378791619, 1, 487418
1610378792067, 1, 448154
1610378798586, 1, 6518927
1610378798739, 1, 74469
1610378799660, 1, 66010
1610378801571, 1, 48701

1610377003534, 1, 391437
1610377003584, 1, 5403
1610377003592, 1, 8022
1610377003600, 1, 7501
1610377005087, 1, 1939885
1610377005139, 1, 1988878
1610377005185, 1, 45653
1610377005722, 1, 524804
1610377006557, 1, 104914
1610377006855, 1, 255251
1610377010492, 1, 3636931
1610377010707, 1, 24200
1610377010710, 1, 3500
1610377010986, 1, 250426
1610377011211, 1, 223886
1610377014272, 1, 548449
1610377014743, 1, 470784
1610377018282, 1, 34461
1610377018502, 1, 219547
1610377018927, 1, 10596
1610377018949, 1, 21389
1610377019242, 1, 7505
1610377019262, 1, 16954
1610377019292, 1, 29643
1610377019361, 1, 15810
1610377019401, 1, 7314
1610377019486, 1, 28409
1610377019565, 1, 29232
1610377019607, 1, 27802
1610377019818, 1, 210434
1610377019987, 1, 31725
1610377020042, 1, 54373
1610377020058, 1, 15464
1610377020071, 1, 13492
1610377020073, 1, 1941
1610377020102, 1, 28473
1610377020136, 1, 15125
1610377020141, 1, 4894
1610377020226, 1, 2186
1610377020241, 1, 14516
1610377020278, 1, 18878
1610377020307, 1, 29496
1610377020341, 1, 33178
1610377020592, 1, 16941
1610377020689, 1, 16851
1610377020843, 1, 114856
1610377020946, 1, 102625
1610377021096, 1, 17521
1610377021128, 1, 31506
1610377021156, 1, 28218
1610377021198, 1, 27012
1610377021277, 1, 60193
1610377021286, 1, 9499
1610377021290, 1, 3376
1610377021403, 1, 15124
1610377021430, 1, 26716
1610377021482, 1, 51152
1610377021523, 1, 15306
1610377027763, 1, 6239683
1610377027777, 1, 14386
1610377027797, 1, 19988
1610377027812, 1, 14692
1610377031948, 1, 26225556
1610377032132, 1, 184508
1610377033511, 1, 1378756
1610377033781, 1, 269582
1610377033847, 1, 6034841
1610377033867, 1, 19819
1610377033929, 1, 34035
1610377034388, 1, 19283
1610377034403, 1, 14693
1610377034421, 1, 18614
1610377034504, 1, 110408
1610377034516, 1, 17073
1610377034539, 1, 22864
1610377034564, 1, 24892
1610377034652, 1, 29762
1610377034745, 1, 109373
1610377034773, 1, 28075
1610377034793, 1, 19959
1610377034857, 1, 5831
1610377034893, 1, 35427
1610377034897, 1, 4306
1610377034910, 1, 93991
1610377034912, 1, 14851
1610377034975, 1, 62826
1610377034981, 1, 5736
1610377035219, 1, 222253
1610377035511, 1, 34287
1610377035540, 1, 5926
1610377035618, 1, 42483
1610377035901, 1, 227074
1610377035976, 1, 15801
1610377035992, 1, 15831
1610377036052, 1, 59668
1610377036106, 1, 53469
1610377036125, 1, 19328
1610377036152, 1, 5481
1610377036168, 1, 15948
1610377036186, 1, 18053
1610377036454, 1, 261665
1610377036502, 1, 7781
1610377036607, 1, 44809
1610377036888, 1, 281350
1610377037299, 1, 46415
1610377037600, 1, 280424
1610377037614, 1, 12961
1610377037634, 1, 19747
1610377037904, 1, 270491
1610377037925, 1, 19898
1610377037941, 1, 16213
1610377037944, 1, 3229
1610377037961, 1, 16208
1610377038043, 1, 168901
1610377038285, 1, 60984
1610377038325, 1, 6619
1610377038368, 1, 35167
1610377038398, 1, 7655
1610377038418, 1, 19655
1610377038455, 1, 36483
1610377038663, 1, 136570
1610377038667, 1, 113221
1610377038732, 1, 20506
1610377038769, 1, 36535
1610377038774, 1, 107263
1610377038951, 1, 176825
1610377039008, 1, 15048
1610377039039, 1, 30306
1610377039163, 1, 22814
1610377039294, 1, 32800
1610377039378, 1, 23121
1610377039430, 1, 108887
1610377039902, 1, 24898574
1610377039911, 1, 105783
1610377040066, 1, 154027
1610377040216, 1, 152858
1610377040471, 1, 104669
1610377040514, 1, 174286
1610377040517, 1, 45755
1610377040879, 1, 197308
1610377041071, 1, 232241
1610377041466, 1, 377017
1610377041880, 1, 249401
1610377041904, 1, 23994
1610377042165, 1, 87797
1610377042501, 1, 1303332
1610377042601, 1, 100409
1610377042874, 1, 709008
1610377042996, 1, 121582
1610377043029, 1, 32826
1610377043212, 1, 183060
1610377045918, 1, 6539677
1610377045957, 1, 38017
1610377046030, 1, 73547
1610377046462, 1, 81104
1610377046543, 1, 80172
1610377046655, 1, 89678
1610377046739, 1, 84024
1610377052621, 1, 6571147
1610377059031, 1, 25399
1610377065592, 1, 37138
1610377065639, 1, 25793
1610377065654, 1, 14991
1610377065670, 1, 15771
1610377065677, 1, 6290
1610377068185, 1, 25584136
1610377068673, 1, 487402
1610377072815, 1, 7137622
1610377073470, 1, 655165
1610377073503, 1, 33113
1610377073509, 1, 26769554
1610377073651, 1, 60851
1610377106444, 1, 32934905
1610377107101, 1, 656951
1610377107622, 1, 520998
1610377109763, 1, 2140426
1610377152617, 1, 40496417
1610377152941, 1, 3742627
1610377153078, 1, 136332
1610377153948, 1, 869064
1610377154161, 1, 212685
1610377188514, 1, 35896647
1610377189382, 1, 867806
1610377192260, 1, 35803515
1610377192914, 1, 653392
1610377227473, 1, 35191541
1610377264091, 1, 34066749
1610377268078, 1, 33702924
1610377269836, 1, 1757475
1610377272383, 1, 2053078
1610377272605, 1, 221227
1610377297294, 1, 33202803
1610377330871, 1, 55114
1610377331362, 1, 490247
1610377332052, 1, 68093
1610377332172, 1, 187469
1610377332264, 1, 211455
1610377339145, 1, 6814145
1610377339779, 1, 436144
1610377340021, 1, 242122
1610377342625, 1, 204384
1610377342704, 1, 79695
1610377342866, 1, 84825
1610377343180, 1, 90458
1610377343522, 1, 80813
1610377343738, 1, 127087
1610377344348, 1, 84966
1610377344877, 1, 529065
1610377351432, 1, 6554408
1610377351504, 1, 71739
1610377353042, 1, 88942
1610377353480, 1, 437665
1610377354094, 1, 613818
1610377354865, 1, 770678
1610377355878, 1, 404735
1610377356758, 1, 879548
1610377358243, 1, 94730
1610377364745, 1, 6502626
1610377371416, 1, 57452
1610377371904, 1, 487594
1610377374023, 1, 63797
1610377374056, 1, 32247
1610377380515, 1, 6458800
1610377382093, 1, 555904
1610377382221, 1, 69105
1610377383581, 1, 405070
1610377391369, 1, 6885879
1610377391982, 1, 493866
1610377392009, 1, 26416
1610377392598, 1, 482578
1610377392733, 1, 83476
1610377393557, 1, 84453
1610377393733, 1, 98215
1610377393786, 1, 53301
1610377393917, 1, 63867
1610377393953, 1, 35869
1610377395126, 1, 70892
1610377395590, 1, 463242
1610377395737, 1, 35511
1610377395885, 1, 91141
1610377396414, 1, 89291
1610377396506, 1, 32407
1610377397377, 1, 68716
1610377397767, 1, 389162
1610377404892, 1, 450071
1610377412064, 1, 415352
1610377412118, 1, 53289
1610377412668, 1, 550494
1610377413283, 1, 522613
1610377413309, 1, 25419
1610377413378, 1, 69303
1610377413430, 1, 51424
1610377413588, 1, 71716
1610377413868, 1, 184324
1610377413933, 1, 63940
1610377414357, 1, 424326
1610377416254, 1, 154591
1610377416340, 1, 85980
1610377416906, 1, 565468
1610377417545, 1, 78901
1610377417693, 1, 147406
1610377417801, 1, 108365
1610377419428, 1, 848421
1610377419478, 1, 48737
1610377419552, 1, 73630
1610377420453, 1, 900219
1610377427177, 1, 103506
1610377428265, 1, 440068
1610377434788, 1, 6522519
1610377434846, 1, 58619
1610377435204, 1, 356893
1610377435810, 1, 606186
1610377442421, 1, 54902
1610377443201, 1, 93365
1610377443427, 1, 84816
1610377445661, 1, 762848
1610377446915, 1, 454924
1610377448304, 1, 504954
1610377448420, 1, 55718
1610377448450, 1, 30551
1610377448998, 1, 78004
1610377449064, 1, 65181
1610377449993, 1, 459920
1610377451024, 1, 66898
1610377451088, 1, 63301
1610377452858, 1, 48099
1610377452929, 1, 71157
1610377453424, 1, 494579
1610377453626, 1, 35414
1610377453757, 1, 69742
1610377461413, 1, 6283345
1610377461623, 1, 65987
1610377462172, 1, 34858
1610377462220, 1, 48312
1610377462844, 1, 624017
1610377469740, 1, 54305
1610377470195, 1, 55095
1610377470263, 1, 68080
1610377477856, 1, 470505
1610377478001, 1, 144211
1610377478670, 1, 53280
1610377478733, 1, 62579
1610377479880, 1, 241482
1610377479974, 1, 93149
1610377481017, 1, 1042627
1610377481051, 1, 33528
1610377481192, 1, 141258
1610377481894, 1, 701318
1610377483733, 1, 672116
1610377483836, 1, 102410
1610377490494, 1, 6658073
1610377491312, 1, 522564
1610377491395, 1, 82796
1610377491490, 1, 94335
1610377491912, 1, 422467
1610377492337, 1, 423948
1610377492381, 1, 43211
1610377493361, 1, 409268
1610377493852, 1, 432441
1610377493977, 1, 123553
1610377494386, 1, 409341
1610377494453, 1, 66563
1610377494519, 1, 65489
1610377500959, 1, 6440078
1610377501553, 1, 593649
1610377501618, 1, 64489
1610377503007, 1, 108482
1610377509542, 1, 6457502
1610377509934, 1, 391603
1610377510209, 1, 275696
1610377510359, 1, 149516
1610377510842, 1, 482782
1610377510973, 1, 130807
1610377511422, 1, 384636
1610377511453, 1, 30219
1610377511738, 1, 63718
1610377511791, 1, 52182
1610377512819, 1, 630891
1610377514515, 1, 59789
1610377514625, 1, 109391
1610377515616, 1, 71859
1610377515686, 1, 69764
1610377516238, 1, 78493
1610377522649, 1, 6410686
1610377530110, 1, 893679
1610377530210, 1, 99145
1610377532071, 1, 113605
1610377533173, 1, 487262
1610377533807, 1, 97782
1610377533903, 1, 95709
1610377534059, 1, 156280
1610377535348, 1, 1214279
1610377548461, 1, 6150560
1610377548506, 1, 45046
1610377556629, 1, 41985
1610377557763, 1, 92767
1610377572842, 1, 84676
1610377574346, 1, 478552
1610377574379, 1, 33598
1610377574597, 1, 192032
1610377574679, 1, 81746
1610377581278, 1, 53554
1610377587831, 1, 52591
1610377587887, 1, 55312
1610377588800, 1, 913049
1610377588878, 1, 77329
1610377588957, 1, 79146
1610377589824, 1, 866714
1610377589881, 1, 55974
1610377589922, 1, 41395
1610377591136, 1, 482725
1610377591667, 1, 530451
1610377598018, 1, 6350901
1610377598070, 1, 52198
1610377598631, 1, 559821
1610377599136, 1, 426821
1610377599190, 1, 52637
1610377599718, 1, 480094
1610377599860, 1, 141821
1610377600181, 1, 321513
1610377606824, 1, 6641961
1610377606885, 1, 60727
1610377606934, 1, 49487
1610377607344, 1, 409540
1610377607491, 1, 53688
1610377607539, 1, 47877
1610377614275, 1, 78135
1610377614374, 1, 55926
1610377614499, 1, 42990
1610377614556, 1, 57056
1610377614642, 1, 84926
1610377627667, 1, 6303220
1610377628122, 1, 454059
1610377628209, 1, 86357
1610377628336, 1, 87864
1610377630083, 1, 78907
1610377630175, 1, 91115
1610377630227, 1, 52209
1610377630663, 1, 435571
1610377632222, 1, 618173
1610377632628, 1, 405405
1610377632840, 1, 81784
1610377633317, 1, 412684
1610377633857, 1, 539399
1610377634114, 1, 257240
1610377634493, 1, 378611
1610377635021, 1, 80172
1610377641850, 1, 6784254
1610377642308, 1, 61623
1610377642379, 1, 70969
1610377643961, 1, 64989
1610377644508, 1, 546120
1610377652713, 1, 422998
1610377654134, 1, 165693
1610377654628, 1, 493449
1610377655502, 1, 345355
1610377655978, 1, 474995
1610377656025, 1, 46467
1610377657056, 1, 108733
1610377664168, 1, 6834269
1610377664222, 1, 53504
1610377664264, 1, 41626
1610377664388, 1, 66005
1610377664987, 1, 598759
1610377666011, 1, 1023622
1610377667050, 1, 405028
1610377667092, 1, 41751
1610377667160, 1, 67460
1610377667228, 1, 67357
1610377667568, 1, 340139
1610377667798, 1, 115158
1610377667839, 1, 40963
1610377667952, 1, 57946
1610377667999, 1, 46884
1610377668135, 1, 48588
1610377674861, 1, 42984
1610377675433, 1, 571238
1610377675467, 1, 34808
1610377684549, 1, 105355
1610377685154, 1, 100753
1610377685325, 1, 94221
1610377685963, 1, 84541
1610377687517, 1, 734458
1610377687986, 1, 469310
1610377695575, 1, 7588446
1610377696512, 1, 394821
1610377697560, 1, 270049
1610377699085, 1, 100934
1610377699653, 1, 507096
1610377700051, 1, 396917
1610377700700, 1, 74914
1610377701239, 1, 538787
1610377701281, 1, 42457
1610377701339, 1, 57792
1610377701508, 1, 110365
1610377702069, 1, 62861
1610377702140, 1, 69946
1610377702221, 1, 80043
1610377702769, 1, 62068
1610377703390, 1, 514669
1610377703519, 1, 71418
1610377703562, 1, 42976
1610377703619, 1, 56719
1610377703747, 1, 127745
1610377703813, 1, 65286
1610377704309, 1, 496276
1610377705334, 1, 1023862
1610377705383, 1, 49295
1610377705462, 1, 78028
1610377712468, 1, 104277
1610377714611, 1, 578010
1610377714785, 1, 102590
1610377716188, 1, 612337
1610377717029, 1, 585118
1610377718991, 1, 123151
1610377726635, 1, 6761142
1610377727082, 1, 446681
1610377727247, 1, 164790
1610377727396, 1, 86172
1610377727433, 1, 36459
1610377727814, 1, 380625
1610377727906, 1, 91108
1610377734417, 1, 6511127
1610377734854, 1, 436880
1610377734895, 1, 40165
1610377741585, 1, 6689943
1610377741713, 1, 59203
1610377742608, 1, 894931
1610377749789, 1, 66926
1610377749869, 1, 79627
1610377750995, 1, 513991
1610377759282, 1, 7663208
1610377759335, 1, 51938
1610377759395, 1, 60166
1610377759529, 1, 65836
1610377759574, 1, 44585
1610377760018, 1, 443235
1610377760112, 1, 24943
1610377760632, 1, 519851
1610377760853, 1, 219870
1610377761258, 1, 405431
1610377761859, 1, 521984
1610377761909, 1, 49076
1610377762476, 1, 566626
1610377763891, 1, 188535
1610377771033, 1, 6510894
1610377771130, 1, 96302
1610377772388, 1, 82194
1610377773519, 1, 188340
1610377774601, 1, 43631
1610377775172, 1, 570081
1610377782342, 1, 6554216
1610377782395, 1, 52868
1610377782633, 1, 98710
1610377783427, 1, 793533
1610377784983, 1, 66042
1610377791937, 1, 6953927
1610377792088, 1, 77841
1610377792171, 1, 82314
1610377799282, 1, 84935
1610377799544, 1, 261743
1610377799672, 1, 127954
1610377801289, 1, 115749
1610377809006, 1, 39975
1610377809076, 1, 69738
1610377811628, 1, 607247
1610377812241, 1, 613291
1610377812949, 1, 92890
1610377813005, 1, 55809
1610377814068, 1, 153108
1610377814220, 1, 45574
1610377816954, 1, 894214
1610377818242, 1, 61954
1610377818517, 1, 274308
1610377818868, 1, 71513
1610377819415, 1, 58731
1610377820079, 1, 53104
1610377820129, 1, 49357
1610377826989, 1, 6860413
1610377827070, 1, 79973
1610377827154, 1, 84116
1610377827765, 1, 474960
1610377835453, 1, 68990
1610377836044, 1, 99256
1610377836135, 1, 90514
1610377836217, 1, 81525
1610377837335, 1, 515415
1610377837482, 1, 87601
1610377837548, 1, 65038
1610377838048, 1, 500410
1610377838523, 1, 55653
1610377839072, 1, 548870
1610377839254, 1, 94289
1610377840333, 1, 75633
1610377840914, 1, 536022
1610377840980, 1, 65969
1610377841077, 1, 35619
1610377841216, 1, 72018
1610377841275, 1, 57959
1610377841986, 1, 250851
1610377842554, 1, 567942
1610377842962, 1, 406850
1610377843014, 1, 51164
1610377849575, 1, 262946
1610377857662, 1, 102645
1610377857742, 1, 79623
1610377857796, 1, 53479
1610377859752, 1, 724630
1610377859831, 1, 78162
1610377860964, 1, 183577
1610377861090, 1, 124410
1610377861178, 1, 87695
1610377861301, 1, 122476
1610377869589, 1, 7832984
1610377869999, 1, 409436
1610377870189, 1, 86342
1610377870352, 1, 100990
1610377870525, 1, 104773
1610377871021, 1, 496094
1610377871467, 1, 441508
1610377871635, 1, 139663
1610377872017, 1, 381496
1610377872546, 1, 78931
1610377873293, 1, 58792
1610377873372, 1, 79347
1610377873435, 1, 62093
1610377879828, 1, 6393364
1610377879870, 1, 41376
1610377880556, 1, 56691
1610377881056, 1, 499469
1610377881670, 1, 614175
1610377881724, 1, 52976
1610377882286, 1, 561768
1610377882674, 1, 388096
1610377883718, 1, 651615
1610377883944, 1, 225812
1610377884097, 1, 65339
1610377884193, 1, 95981
1610377890683, 1, 6413645
1610377890757, 1, 74435
1610377897698, 1, 74330
1610377897771, 1, 72419
1610377897831, 1, 60388
1610377897921, 1, 89075
1610377898120, 1, 101839
1610377898199, 1, 78320
1610377898751, 1, 51898
1610377898844, 1, 93304
1610377898927, 1, 82074
1610377907069, 1, 7575040
1610377913387, 1, 67089
1610377914217, 1, 63902
1610377915547, 1, 83837
1610377916077, 1, 529494
1610377917511, 1, 960146
1610377917859, 1, 346771
1610377924366, 1, 96621
1610377932107, 1, 53644
1610377932667, 1, 508274
1610377933076, 1, 409371
1610377939427, 1, 6349725
1610377945525, 1, 6097776
1610377945640, 1, 115268
1610377945672, 1, 30802
1610377945966, 1, 254902
1610377946389, 1, 422555
1610377946677, 1, 137018
1610377946976, 1, 156470
1610377947120, 1, 84396
1610377947159, 1, 37860
1610377947909, 1, 750703
1610377949221, 1, 55944
1610377955506, 1, 6284170
1610377956277, 1, 57716
1610377956833, 1, 556389
1610377963097, 1, 6263555
1610377963529, 1, 431794
1610377963907, 1, 377245
1610377964616, 1, 550062
1610377964708, 1, 91314
1610377965500, 1, 72452
1610377966066, 1, 479679
1610377966261, 1, 195000
1610377966785, 1, 349087
1610377966820, 1, 34386
1610377967032, 1, 106615
1610377967218, 1, 40235
1610377967318, 1, 99593
1610377967432, 1, 58523
1610377967556, 1, 69387
1610377967644, 1, 30299
1610377973835, 1, 6190980
1610377974002, 1, 44766
1610377974158, 1, 62486
1610377974253, 1, 94627
1610377974321, 1, 67766
1610377974856, 1, 79573
1610377974924, 1, 67972
1610377975342, 1, 69268
1610377975383, 1, 40917
1610377975881, 1, 497312
1610377976553, 1, 57018
1610377976774, 1, 64571
1610377976834, 1, 59629
1610377977368, 1, 69148
1610377978953, 1, 637054
1610377980269, 1, 76771
1610377981480, 1, 68995
1610377982434, 1, 952364
1610377982951, 1, 63548
1610377991445, 1, 915727
1610377997790, 1, 6344806
1610377998205, 1, 414408
1610377998254, 1, 48747
1610377998333, 1, 78047
1610377998373, 1, 39673
1610377998503, 1, 58182
1610377999228, 1, 605262
1610377999683, 1, 75158
1610377999774, 1, 90940
1610377999850, 1, 76207
1610378000777, 1, 114744
1610378000807, 1, 30083
1610378001825, 1, 57538
1610378002059, 1, 234171
1610378008120, 1, 81611
1610378008151, 1, 31041
1610378008649, 1, 497410
1610378008719, 1, 69249
1610378010083, 1, 822244
1610378010220, 1, 46181
1610378010757, 1, 537041
1610378010962, 1, 88023
1610378011042, 1, 79681
1610378011724, 1, 682171
1610378012018, 1, 293952
1610378012725, 1, 706620
1610378014606, 1, 488881
1610378016508, 1, 76007
1610378016599, 1, 90260
1610378016650, 1, 51448
1610378022986, 1, 6334770
1610378025208, 1, 55949
1610378025254, 1, 45693
1610378025307, 1, 52421
1610378025342, 1, 35322
1610378026749, 1, 894097
1610378027025, 1, 67080
1610378027118, 1, 51963
1610378027369, 1, 181248
1610378027426, 1, 57143
1610378027646, 1, 76037
1610378027749, 1, 103213
1610378027897, 1, 91523
1610378027980, 1, 82023
1610378028022, 1, 41500
1610378028080, 1, 57405
1610378028429, 1, 348359
1610378028975, 1, 209786
1610378035685, 1, 6710515
1610378036298, 1, 520502
1610378036502, 1, 203126
1610378036913, 1, 231118
1610378037026, 1, 62529
1610378037130, 1, 61912
1610378037295, 1, 69839
1610378043875, 1, 6555439
1610378043902, 1, 26321
1610378044489, 1, 587270
1610378044543, 1, 52972
1610378045352, 1, 384264
1610378045410, 1, 56860
1610378045459, 1, 48755
1610378045882, 1, 423485
1610378045928, 1, 45187
1610378046674, 1, 80808
1610378046726, 1, 51891
1610378046794, 1, 67608
1610378047982, 1, 469412
1610378048320, 1, 69704
1610378048526, 1, 205123
1610378049406, 1, 505367
1610378049470, 1, 64706
1610378055612, 1, 6049664
1610378055802, 1, 57252
1610378056213, 1, 411032
1610378056315, 1, 101853
1610378056983, 1, 269396
1610378057045, 1, 61581
1610378058088, 1, 39761
1610378058144, 1, 55989
1610378058353, 1, 208752
1610378058399, 1, 45493
1610378066492, 1, 88341
1610378066765, 1, 272508
1610378067428, 1, 662527
1610378068660, 1, 667541
1610378070343, 1, 688856
1610378070518, 1, 104850
1610378071027, 1, 508534
1610378071218, 1, 89817
1610378071936, 1, 635162
1610378072921, 1, 53503
1610378073703, 1, 781621
1610378073777, 1, 73900
1610378075006, 1, 886501
1610378075132, 1, 58524
1610378075178, 1, 46151
1610378077053, 1, 408720
1610378077094, 1, 40262
1610378077120, 1, 26198
1610378078323, 1, 242452
1610378085042, 1, 6658026
1610378091595, 1, 6021998
1610378091679, 1, 83102
1610378092402, 1, 130864
1610378093233, 1, 536686
1610378093509, 1, 69999
1610378099993, 1, 6483439
1610378100062, 1, 69363
1610378101054, 1, 446845
1610378102040, 1, 595890
1610378102112, 1, 72042
1610378103269, 1, 613985
1610378103472, 1, 202860
1610378103588, 1, 54873
1610378103738, 1, 74780
1610378103786, 1, 47832
1610378110264, 1, 100280
1610378110334, 1, 69691
1610378110642, 1, 308307
1610378111155, 1, 512731
1610378111776, 1, 520335
1610378111877, 1, 100325
1610378111938, 1, 60238
1610378112066, 1, 128644
1610378112267, 1, 109730
1610378112363, 1, 95936
1610378112897, 1, 533863
1610378114124, 1, 717939
1610378114737, 1, 613235
1610378114834, 1, 96340
1610378114896, 1, 62207
1610378122071, 1, 6498414
1610378122224, 1, 63703
1610378123135, 1, 885277
1610378123597, 1, 393774
1610378123730, 1, 69993
1610378124514, 1, 78235
1610378124601, 1, 87224
1610378131098, 1, 66772
1610378132790, 1, 643390
1610378133261, 1, 471216
1610378133367, 1, 104890
1610378134195, 1, 752658
1610378136038, 1, 819652
1610378136143, 1, 105174
1610378137403, 1, 544341
1610378138700, 1, 614925
1610378138794, 1, 93205
1610378138830, 1, 36148
1610378138864, 1, 32564
1610378139480, 1, 616133
1610378139631, 1, 73437
1610378146073, 1, 6380713
1610378154061, 1, 615063
1610378155290, 1, 614191
1610378155904, 1, 613116
1610378155961, 1, 57449
1610378156518, 1, 511728
1610378156913, 1, 394196
1610378156963, 1, 50109
1610378157666, 1, 701903
1610378157769, 1, 52744
1610378157826, 1, 56795
1610378158025, 1, 83190
1610378158223, 1, 197780
1610378165516, 1, 944783
1610378165575, 1, 58538
1610378169011, 1, 614151
1610378169863, 1, 440320
1610378170694, 1, 43850
1610378171673, 1, 487153
1610378178843, 1, 6473606
1610378178898, 1, 54859
1610378179800, 1, 849805
1610378180276, 1, 475387
1610378180816, 1, 476333
1610378180869, 1, 52381
1610378183143, 1, 614500
1610378183214, 1, 70872
1610378185193, 1, 891008
1610378185242, 1, 48358
1610378185807, 1, 496366
1610378186504, 1, 83290
1610378187034, 1, 529423
1610378187649, 1, 614050
1610378189082, 1, 968947
1610378195932, 1, 72192
1610378197028, 1, 523442
1610378203512, 1, 193797
1610378204679, 1, 236708
1610378211001, 1, 74252
1610378211445, 1, 39228
1610378212436, 1, 51740
1610378212529, 1, 92673
1610378213454, 1, 647266
1610378214068, 1, 613223
1610378221851, 1, 7688180
1610378222319, 1, 59004
1610378222717, 1, 397661
1610378224006, 1, 115008
1610378224411, 1, 404793
1610378224858, 1, 69353
1610378240622, 1, 55593
1610378241102, 1, 479765
1610378241922, 1, 818765
1610378241995, 1, 73416
1610378242039, 1, 43048
1610378242079, 1, 40581
1610378250245, 1, 473389
1610378250923, 1, 87033
1610378251234, 1, 310806
1610378251875, 1, 73165
1610378251931, 1, 55042
1610378252113, 1, 120082
1610378252298, 1, 103639
1610378252483, 1, 73899
1610378253559, 1, 86542
1610378254975, 1, 124040
1610378255175, 1, 199025
1610378256463, 1, 615234
1610378257024, 1, 461335
1610378257118, 1, 62420
1610378257616, 1, 444980
1610378257694, 1, 77424
1610378258707, 1, 60703
1610378273053, 1, 6349812
1610378273666, 1, 492664
1610378275305, 1, 127196
1610378276400, 1, 480598
1610378276448, 1, 48354
1610378276618, 1, 105968
1610378276702, 1, 81878
1610378277152, 1, 449057
1610378277381, 1, 229145
1610378277747, 1, 365833
1610378277854, 1, 105060
1610378278438, 1, 583607
1610378278991, 1, 553059
1610378287388, 1, 1023581
1610378288006, 1, 523312
1610378296281, 1, 80030
1610378305414, 1, 7508922
1610378305473, 1, 58657
1610378318770, 1, 46006
1610378319340, 1, 569241
1610378320976, 1, 583916
1610378321218, 1, 241725
1610378321677, 1, 457949
1610378322130, 1, 452661
1610378329625, 1, 46138
1610378336245, 1, 30827
1610378336747, 1, 501267
1610378337469, 1, 61285
1610378338794, 1, 384523
1610378339153, 1, 50730
1610378339351, 1, 93432
1610378339820, 1, 468671
1610378339903, 1, 82529
1610378340716, 1, 66590
1610378341160, 1, 52719
1610378347603, 1, 6442925
1610378348163, 1, 60307
1610378349041, 1, 64805
1610378349658, 1, 617269
1610378349895, 1, 180182
1610378349976, 1, 80427
1610378350470, 1, 494141
1610378350842, 1, 371695
1610378351115, 1, 93139
1610378351699, 1, 500670
1610378352108, 1, 408312
1610378353133, 1, 668091
1610378353542, 1, 409396
1610378353915, 1, 372302
1610378353953, 1, 37634
1610378360568, 1, 62668
1610378360768, 1, 120914
1610378362757, 1, 715342
1610378363446, 1, 75019
1610378364035, 1, 100849
1610378365421, 1, 1276785
1610378365539, 1, 113827
1610378365626, 1, 86718
1610378366387, 1, 123485
1610378367057, 1, 670228
1610378368029, 1, 971859
1610378368696, 1, 666114
1610378369871, 1, 73927
1610378370616, 1, 76925
1610378376889, 1, 6272701
1610378377298, 1, 408782
1610378377709, 1, 410492
1610378384375, 1, 6665334
1610378386514, 1, 699229
1610378387307, 1, 792765
1610378388153, 1, 614521
1610378388768, 1, 615030
1610378388878, 1, 72846
1610378390277, 1, 550948
1610378390405, 1, 127653
1610378390815, 1, 409911
1610378390897, 1, 81983
1610378391841, 1, 842893
1610378392012, 1, 170515
1610378392383, 1, 57472
1610378393413, 1, 273608
1610378399625, 1, 6211698
1610378399757, 1, 82317
1610378400283, 1, 525476
1610378400850, 1, 567191
1610378401080, 1, 139088
1610378401153, 1, 72580
1610378401546, 1, 392493
1610378407798, 1, 6251168
1610378407916, 1, 76693
1610378407980, 1, 64205
1610378409240, 1, 91276
1610378409404, 1, 89003
1610378416385, 1, 6524620
1610378416529, 1, 58048
1610378423263, 1, 88286
1610378429798, 1, 69058
1610378430258, 1, 460253
1610378430386, 1, 47549
1610378430956, 1, 569816
1610378431061, 1, 33483
1610378448774, 1, 611478
1610378449389, 1, 614679
1610378449814, 1, 424727
1610378450413, 1, 599157
1610378450518, 1, 104083
1610378451643, 1, 1072223
1610378458811, 1, 7168140
1610378458922, 1, 110435
1610378460287, 1, 460836
1610378468053, 1, 102417
1610378468162, 1, 39099
1610378468254, 1, 91409
1610378468495, 1, 241202
1610378469664, 1, 1168321
1610378469973, 1, 142202
1610378470908, 1, 95688
1610378471508, 1, 600493
1610378472532, 1, 578438
1610378473273, 1, 90127
1610378474146, 1, 523284
1610378477474, 1, 23989
1610378477540, 1, 66581
1610378478078, 1, 50779
1610378478128, 1, 50416
1610378478572, 1, 443369
1610378479140, 1, 567877
1610378479325, 1, 46405
1610378479739, 1, 366266
1610378486395, 1, 59734
1610378486446, 1, 51011
1610378486991, 1, 544120
1610378488097, 1, 1106222
1610378488192, 1, 94607
1610378495748, 1, 57879
1610378495833, 1, 83942
1610378495885, 1, 52319
1610378503702, 1, 61469
1610378503778, 1, 75671
1610378504050, 1, 114454
1610378504136, 1, 85956
1610378504198, 1, 62152
1610378504902, 1, 584262
1610378504965, 1, 62154
1610378505677, 1, 79725
1610378506165, 1, 93162
1610378506249, 1, 82720
1610378506380, 1, 53515
1610378506447, 1, 67088
1610378506548, 1, 100141
1610378506650, 1, 101821
1610378506745, 1, 94462
1610378507279, 1, 533567
1610378507349, 1, 70226
1610378507421, 1, 70728
1610378507638, 1, 216599
1610378507759, 1, 120841
1610378508413, 1, 47097
1610378508473, 1, 59420
1610378509307, 1, 735871
1610378509435, 1, 47497
1610378509520, 1, 84049
1610378509584, 1, 64306
1610378510832, 1, 1130932
1610378510896, 1, 63910
1610378511445, 1, 548207
1610378511948, 1, 409807
1610378512335, 1, 387322
1610378512610, 1, 78677
1610378519228, 1, 6617855
1610378519309, 1, 80467
1610378519842, 1, 532906
1610378519997, 1, 106225
1610378520100, 1, 102460
1610378520281, 1, 65456
1610378520767, 1, 94794
1610378520841, 1, 73546
1610378520907, 1, 65633
1610378521927, 1, 456866
1610378522000, 1, 73544
1610378522118, 1, 61712
1610378522510, 1, 391865
1610378522709, 1, 198365
1610378522804, 1, 95062
1610378523324, 1, 519395
1610378530521, 1, 489417
1610378538621, 1, 345617
1610378539094, 1, 472913
1610378539276, 1, 90712
1610378539425, 1, 44881
1610378539527, 1, 101561
1610378539569, 1, 40920
1610378540228, 1, 84620
1610378540262, 1, 33286
1610378540558, 1, 48536
1610378541215, 1, 68976
1610378541756, 1, 541302
1610378542576, 1, 574361
1610378542638, 1, 62159
1610378542884, 1, 204670
1610378543092, 1, 122736
1610378543163, 1, 69732
1610378551454, 1, 71429
1610378551996, 1, 541361
1610378552610, 1, 566177
1610378553242, 1, 630722
1610378554158, 1, 176944
1610378554845, 1, 237726
1610378555515, 1, 36741
1610378555584, 1, 68986
1610378555655, 1, 70699
1610378556111, 1, 455569
1610378558868, 1, 113870
1610378558941, 1, 72165
1610378558990, 1, 49127
1610378565792, 1, 65137
1610378565864, 1, 71730
1610378572168, 1, 82150
1610378573093, 1, 924206
1610378573346, 1, 253183
1610378574593, 1, 67884
1610378574638, 1, 44267
1610378575507, 1, 367811
1610378575635, 1, 128007
1610378575846, 1, 135182
1610378575903, 1, 56649
1610378584281, 1, 77249
1610378584408, 1, 62076
1610378584457, 1, 48519
1610378584932, 1, 72683
1610378585011, 1, 78781
1610378585902, 1, 481330
1610378589160, 1, 93373
1610378590135, 1, 887234
1610378597464, 1, 6676621
1610378597510, 1, 45565
1610378597622, 1, 57032
1610378597729, 1, 106408
1610378597788, 1, 58661
1610378597840, 1, 52418
1610378598692, 1, 798442
1610378598748, 1, 55612
1610378599365, 1, 58468
1610378599631, 1, 265886
1610378599662, 1, 30954
1610378599883, 1, 84477
1610378600742, 1, 529904
1610378600802, 1, 60244
1610378600987, 1, 70514
1610378601573, 1, 585609
1610378601668, 1, 94385
1610378601749, 1, 45106
1610378601825, 1, 75068
1610378602019, 1, 193647
1610378602583, 1, 141851
1610378602669, 1, 85520
1610378602737, 1, 68043
1610378603403, 1, 610060
1610378603630, 1, 44008
1610378603732, 1, 101557
1610378603781, 1, 48465
1610378603805, 1, 23759
1610378604275, 1, 401733
1610378604350, 1, 74091
1610378606153, 1, 76267
1610378606366, 1, 89940
1610378606438, 1, 71590
1610378606891, 1, 417107
1610378607444, 1, 69370
1610378607590, 1, 70528
1610378607646, 1, 55020
1610378607912, 1, 88459
1610378607955, 1, 42594
1610378615690, 1, 1000472
1610378615938, 1, 89871
1610378616413, 1, 474989
1610378617426, 1, 96510
1610378617522, 1, 96256
1610378617732, 1, 96082
1610378619259, 1, 605264
1610378619673, 1, 95295
1610378620812, 1, 616835
1610378628390, 1, 7578208
1610378628510, 1, 76307
1610378629413, 1, 902492
1610378629625, 1, 86114
1610378630098, 1, 404408
1610378637255, 1, 59598
1610378637655, 1, 95576
1610378647980, 1, 339402
1610378648666, 1, 685770
1610378650099, 1, 1061970
1610378650507, 1, 303990
1610378651735, 1, 1227545
1610378651941, 1, 70594
1610378652164, 1, 109899
1610378652448, 1, 283563
1610378652520, 1, 71803
1610378652555, 1, 35441
1610378653434, 1, 584491
1610378653687, 1, 252743
1610378653767, 1, 79782
1610378653898, 1, 130024
1610378654916, 1, 515214
1610378655629, 1, 713238
1610378663000, 1, 483016
1610378663075, 1, 74267
1610378663558, 1, 43648
1610378665253, 1, 615029
1610378665386, 1, 78263
1610378665464, 1, 77602
1610378665526, 1, 62048
1610378680627, 1, 8001056
1610378680659, 1, 30698
1610378680822, 1, 102382
1610378683130, 1, 899335
1610378683186, 1, 56279
1610378683255, 1, 68624
1610378690446, 1, 6713128
1610378690509, 1, 63233
1610378690583, 1, 72890
1610378690686, 1, 58487
1610378690936, 1, 184408
1610378691511, 1, 452198
1610378692008, 1, 496058
1610378692344, 1, 57644
1610378692404, 1, 59430
1610378692468, 1, 63600
1610378693314, 1, 472590
1610378693360, 1, 45986
1610378693926, 1, 565511
1610378694052, 1, 125337
1610378694264, 1, 73240
1610378694319, 1, 55033
1610378700891, 1, 6483559
1610378701661, 1, 96804
1610378701900, 1, 238367
1610378708343, 1, 6442605
1610378708417, 1, 73871
1610378708879, 1, 461500
1610378708957, 1, 77979
1610378709023, 1, 65472
1610378715591, 1, 6427715
1610378716161, 1, 450024
1610378716304, 1, 103901
1610378717262, 1, 398183
1610378717287, 1, 24872
1610378718587, 1, 83851
1610378718737, 1, 81278
1610378718966, 1, 229189
1610378719324, 1, 356896
1610378720058, 1, 39269
1610378720225, 1, 67021
1610378726901, 1, 6675209
1610378726932, 1, 31058
1610378727330, 1, 397463
1610378727821, 1, 490280
1610378729972, 1, 992412
1610378730399, 1, 427395
1610378731610, 1, 612739
1610378731688, 1, 77524
1610378740216, 1, 6748495
1610378740829, 1, 516045
1610378741490, 1, 461382
1610378747784, 1, 6293770
1610378747905, 1, 120834
1610378748409, 1, 503434
1610378749222, 1, 476562
1610378749268, 1, 44996
1610378749479, 1, 31333
1610378749650, 1, 171289
1610378750940, 1, 562885
1610378751056, 1, 53009
1610378751097, 1, 40467
1610378751342, 1, 44089
1610378758748, 1, 262419
1610378758843, 1, 93990
1610378759854, 1, 128919
1610378759955, 1, 99455
1610378760966, 1, 616844
1610378762336, 1, 820714
1610378769982, 1, 68880
1610378770727, 1, 195931
1610378771579, 1, 94193
1610378771648, 1, 69205
1610378771736, 1, 87539
1610378772079, 1, 248034
1610378772189, 1, 109089
1610378773040, 1, 54457
1610378781117, 1, 285739
1610378789881, 1, 86886
1610378790336, 1, 396142
1610378790404, 1, 67543
1610378790481, 1, 77042
1610378790641, 1, 60775
1610378790790, 1, 64677
1610378790853, 1, 62584
1610378790919, 1, 66403
1610378790982, 1, 61563
1610378791131, 1, 58219
1610378798664, 1, 78042
1610378798870, 1, 130910
1610378799478, 1, 607942
1610378799594, 1, 66732
1610378800834, 1, 1173931
1610378801448, 1, 613470
1610378801522, 1, 73638
1610378802056, 1, 485203
